Japanese,Vietnamese,English
時間,thời gian,time
年,Năm,Year
事,trường hợp,case
道,cách,the way
日,Ngày,Day
男,Người đàn ông,Man
状態,tình huống,situation
たくさん,nhiều ,a lot
女,đàn bà,woman
国,Quốc gia,Country
生活,mạng sống,life
質問,câu hỏi,question
社長,chủ tịch,president
子供,đứa trẻ,child
1週間,1 tuần,1 week
世界,thế giới,world
種類,loại,kinds
ケース,Trường hợp,Case
問題,vấn đề,problem
事実,sự thật,fact
家族,gia đình,family
ストーリー,câu chuyện,story
ポイント,điểm,point
政府,chính phủ,government
お金,tiền bạc,money
問題,vấn đề,problem
一部,phần,part
朝,buổi sáng,morning
男,Người đàn ông,Man
数,con số,number
仕事,công việc,work
夜,đêm,night
右,Phải,right
学校,trường học,school
場所,địa điểm,place
戦争,chiến tranh,war
キッド,Đứa trẻ,Kid
月,Tháng,Month
ブック,sách,book
1時間,Một giờ,One hour
ショー,trình diễn,show
警察,cảnh sát,police
プログラム,chương trình,program
パーティー,buổi tiệc,party
法律,pháp luật,law
単語,từ,word
人,Người đàn ông,Man
ホーム,trang chủ,home
ビジネス,việc kinh doanh,business
友人,bạn,friend
会社,công ty,company
サイド,bên,side
税,Thuế,Tax
民主党,Đảng Dân chủ,Democratic Party
グループ,nhóm,group
瞬間,chốc lát,moment
ブレーク,phá vỡ,break
アイデア,ý tưởng,idea
メンバー,thành viên,member
システム,hệ thống,system
分,Phần,Part
理由,lý do,reason
キャンペーン,chiến dịch,campaign
仕事,công việc,work
国家,Quốc gia,Nation
議会,Nghị viện,Parliament
母親,mẹ,mother
力,Quyền lực,Power
健康,sức khỏe,health
バック,mặt sau,back
エリア,khu vực,area
名前,tên,name
レポート,Báo cáo,Report
手,tay,hand
ライン,đường kẻ,line
終わり,kết thúc,end
裁判所,tòa án,court
介護,Điều dưỡng,nursing
カップル,Cặp đôi,Couple
家,Căn nhà,House
アメリカン,Người Mỹ,American
父,bố,father
状況,tình huống,situation
車,xe hơi,car
親,cha mẹ,parent
管理,sự quản lý,management
薬,thuốc,medicine
街,Thị trấn,Town
感覚,cảm xúc,feelings
ポリシー,chính sách,policy
オフィス,văn phòng,office
決定,Phán quyết,Decision
パワー,quyền lực,power
計画,kế hoạch,plan
リーダー,lãnh đạo,leader
情報,thông tin,information
選挙,lựa chọn,selection
映画,bộ phim,movie
死,cái chết,death
空気,không khí,air
コー​​ル,Điệp khúc,Chorus
コミュニティ,cộng đồng,community
外観,bên ngoài,exterior
証拠,chứng cớ,evidence
女の子,con gái,girl
医者,bác sĩ,doctor
投票,bỏ phiếu,vote
ビデオ,băng hình,video
絵,hình ảnh,picture
部屋,phòng,room
ビット,chút,bit
経済,thuộc kinh tế,economic
電話,điện thoại,phone
歴史,lịch sử,history
ソート,loại,sort
少年,con trai,boy
犯罪,tội phạm,crime
プロセス,quá trình,process
妻,vợ,wife
音楽,âm nhạc,music
水,Nước,water
サービス,dịch vụ,service
記録,ghi ,record
セキュリティ,Bảo vệ,Security
トーク,Nói chuyện,Talk
心,trái tim,heart
頭,Cái đầu,Head
候補者,ứng viên,candidate
公式,chính thức,official
カメラ,Máy ảnh,camera
学生,học sinh,student
攻撃,tấn công,attack
チャンス,cơ hội,chance
ゲーム,trò chơi,game
赤ちゃん,Đứa bé,baby
南,Phía nam,South
変更,thay đổi,change
トライアル,sự thử nghiệm,trial
ボディ,thân hình,body
市場,chợ,market
スタッフ,nhân viên,staff
関心,quan tâm,interest
武器,vũ khí,weapon
心,trái tim,heart
息子,Con trai,son
チーム,đội,team
町,thị trấn,town
テレビ,TV,tv set
意志,sẽ,will
軍隊,quân đội,army
裁判官,phán xét,judge
アクション,hoạt động,action
答え,trả lời,answer
ポジション,chức vụ,position
ビュー,Xem,View
違い,sự khác biệt,difference
食べ物,đồ ăn,food
娘,con gái,daughter
レース,loài ,race
取引,giao dịch,transaction
ストリート,Đường phố,Street
価格,giá ,price
メッセージ,tin nhắn,message
コントロール,Điều khiển,Control
ディベート,tranh luận,debate
役員,thành viên Hội đồng quản trị,board member
フィルム,bộ phim,the film
レベル,mức độ,level
努力,cố gắng,effort
関係,mối quan hệ,relationship
特派員,Phóng viên,Correspondent
地面,Đất,Ground
作品,công việc,the work
夫,chồng,husband
予算,ngân sách,budget
陪審,bồi thẩm đoàn,jury
レポーター,Phóng viên,Reporter
週末,ngày cuối tuần,weekend
問題,vấn đề,problem
年齢,tuổi,age
銃,Súng,gun
平和,hòa bình,peace
殺人,giết người,murder
役割,vai trò,role
調査,cuộc điều tra,investigation
経験,kinh nghiệm,experience
病院,bệnh viện,hospital
目,mắt ,eye
ディレクター,giám đốc,director
未来,tương lai,future
顔,khuôn mặt,face
オイル,dầu,oil
結果,kết quả,result
公共,công cộng,public
弁護士,luật sư,lawyer
世論調査,Thăm dò ý kiến,poll
第2,Số 2,No. 2
チャンス,cơ hội,chance
産業,ngành công nghiệp,industry
兄,anh trai,older brother
声明,tuyên bố,statement
火災,ngọn lửa,fire
愛,Yêu,Love
レート,tỷ lệ,rate
効果,tác dụng,effect
歌,bài hát,song
イベント,sự kiện,event
担当,người có trách nhiệm,responsible person
サポート,ủng hộ,support
ラジオ,Đài,radio
建物,xây dựng,building
銀行,Ngân hàng,Bank
犠牲者,Nạn nhân,Victim
ドア,cửa,door
インタビュー,phỏng vấn,interview
シーン,bối cảnh,scene
残り,còn lại,remaining
プレス,nhấn,press
注目,chú ý,attention
選択肢,Sự lựa chọn,Choice
スピーチ,lời nói,speech
患者,kiên nhẫn,patient
真実,sự thật,truth
道路,đường,road
言葉,từ,words
サイト,địa điểm,site
労働者,Công nhân,Worker
教授,Giáo sư,Professor
手紙,thư,letter
改革,cải cách,reform
懸念,bận tâm,concern
フォーク,cái nĩa,fork
セックス,Tình dục,Sex
調査,cuộc điều tra,investigation
大学,Trường đại học,University
有権者,Cử tri,Voter
壁,tường,wall
夜,đêm,night
ミーティング,cuộc họp,meeting
声,tiếng nói,voice
聴衆,khán giả,audience
暴力,bạo lực,violence
ルール,luật lệ,rule
スター,Ngôi sao,Star
テスト,Bài kiểm tra,test
教育,giáo dục,education
トラブル,rắc rối,trouble
リスク,rủi ro,risk
刑務所,nhà tù,prison
ゲスト,Những vị khách mời,The guests
クラス,lớp học,class
社会,xã hội,society
兵士,lính,soldier
プレーン,máy bay,plane
量,số lượng,amount
助けて,giúp đỡ,help
コスト,trị giá,cost
権威,thẩm quyền,authority
足,chân,legs
期間,Giai đoạn,period
気持ち,cảm giác,feeling
ステップ,Bước chân,Step
原因,Gây ra,Cause
テープ,Băng,tape
脅威,mối đe dọa,threat
意見,ý kiến,opinion
組織,Tổ chức,Organization
タイプ,kiểu,type
会話,cuộc hội thoại,conversation
病気,bệnh,disease
操作,hoạt động,operation
癌,bệnh ung thư,cancer
雑誌,tạp chí,magazine
知事,Thống đốc,Governor
圧力,áp lực ,pressure
大多数,Số đông,Majority
調査,cuộc điều tra,investigation
キャラクター,tính cách,character
駅,ga tàu,station
危機,khủng hoảng,crisis
専門家,Chuyên gia,Expert
血,máu,blood
会長,Chủ tịch,chairman
引数,lý lẽ,argument
リスト,danh sách,list
犬,chó,dog
コンピュータ,Máy tính,Computer
初め,bắt đầu,beginning
保険,bảo hiểm,insurance
フィールド,cánh đồng,field
姉妹,Chị em gái,Sisters
間違い,lỗi,error
プレイヤー,người chơi,player
エネルギー,năng lượng,energy
紙,giấy,paper
スペース,không gian,space
店舗,Cửa hàng,Store
合意,hiệp định,agreement
責任,trách nhiệm,responsibility
女性,đàn bà,woman
オーダー,đặt hàng,order
夏,mùa hè,summer
製品,sản phẩm,product
値,giá trị,value
株式,Cổ phần,stock
インテリジェンス,Sự thông minh,Intelligence
教師,giáo viên,teacher
代理店,hãng,agency
トレード,buôn bán,trade
会議,cuộc họp,meeting
セル,tế bào,cell
教会,Nhà thờ,Church
コメント,bình luận,comment
ソース,nước xốt,sauce
過去,quá khứ,past
カット,cắt,cut
思考,Suy nghĩ,Thinking
クレジット,tín dụng,credit
希望,Mong,Hope
記号,biểu tượng,symbol
キャリア,Sự nghiệp,Career
結婚,kết hôn,marriage
条件,điều kiện,conditions
証人,nhân chứng,witness
テクノロジー,công nghệ,technology
ステージ,sân khấu,stage
スタッフ,nhân viên,staff
アーム,cánh tay,arm
ミッション,Nhiệm vụ,Mission
アート,nghệ thuật,art
俳優,diễn viên,actor
戦い,Trận đánh,Fight
トップ,Đứng đầu,Top
市民,Công dân,Citizen
著者,tác giả,author
反応,sự phản ứng lại,reaction
紳士,Quý ông,Gentleman
リーダーシップ,Khả năng lãnh đạo,leadership
恐怖,Nỗi sợ,Fear
例,ví dụ,example
言語,ngôn ngữ,language
必要性,sự cần thiết,necessity
正義,Sự công bằng,justice
議論,Cuộc thảo luận,Discussion
ボーダー,ranh giới,border
動物,động vật,animal
詳細,chi tiết,detail
応答,phản ứng,response
ネットワーク,mạng,network
ムーブメント,Sự chuyển động,Movement
使用,sử dụng,use
男性,nam giới,male
首都,thủ đô,capital
公聴会,Phiên điều trần công khai,Public hearing
標準,tiêu chuẩn,standard
利益,Lợi nhuận,Profit
テーブル,bàn,table
治療,Sự đối đãi,Treatment
エージェント,Đại lý,Agent
カード,Thẻ,card
ショット,bắn,shot
ボード,Cái bảng,board
現実,thực tế,reality
先生,giáo viên,teacher
土地,đất,land
プロジェクト,dự án,project
光,ánh sáng,light
画像,hình ảnh,image
世紀,thế kỷ,century
ページ,trang,page
成功,thành công,success
音,âm thanh,sound
インパクト,Sự va chạm,Impact
痛み,nỗi đau,pain
シーズン,Mùa,Season
個々,cá nhân,individual
スポーツ,Các môn thể thao,Sports
スタジオ,phòng thu,studio
10年,10 năm,10 years
挑戦,thử thách,challenge
夢,Những giấc mơ,dreams
新聞,báo,newspaper
フロア,sàn nhà,floor
戦い,Trận đánh,Fight
安全性,sự an toàn,safety
行為,hoạt động,action
旅,Hành trình,Journey
もちろん,tất nhiên rồi,of course
可能性,khả năng,possibility
自由,tự do,freedom
ファンド,quỹ,fund
座席,ghế,seat
爆弾,bom,bomb
フォーム,Hình thức,Form
エグゼクティブ,Điều hành,Executive
大臣,"bộ trưởng, mục sư",Minister
赤字,thiếu hụt hoặc khuyết,deficit
開発,phát triển,development
フライト,Chuyến bay,Flight
秘書,Thư ký,Secretary
委員会,Ủy ban,Committee
消費者,người tiêu dùng,consumer
岩,đá,rock
フィギュア,Nhân vật,Figure
件名,chủ thể,subject
文化,văn hoá,culture
髪,tóc,hair
報道,Báo cáo,Report
損失,sự mất mát,loss
お父さん,bố,father
注意,Ghi chú,Note
アクティビティ,hoạt động ,activity
ゴール,mục tiêu,goal
オプション,lựa chọn,option
ガス,khí ga,gas
地域,vùng đất,region
人口,dân số,population
能力,khả năng,ability
解像度,nghị quyết,resolution
従業員,người lao động,employee
脳,não,brain
政治家,Chính trị gia,politician
ミドル,Ở giữa,Middle
嵐,bão,storm
世代,thế hệ,generation
評論家,nhà phê bình,critic
ファン,cái quạt,fan
科学者,nhà khoa học,the scientist
ターゲット,mục tiêu,target
キャンプ,trại,camp
午後,buổi chiều,afternoon
方向,phương hướng,direction
科学,Khoa học,Science
ジャーナリスト,nhà báo,journalist
学位,bằng cấp,degree
不倫,Công việc,Affair
被害,hư hại,damage
戦略,chiến lược,strategy
要因,gây ra,cause
プラント,thực vật,plant
民主主義,Nền dân chủ,Democracy
疑い,Sự nghi ngờ,Suspicion
ソリューション,giải pháp,solution
支出,Chi tiêu,Spending
トレーニング,đào tạo,training
虐待,Lạm dụng,Abuse
危険,nguy hiểm,dangerous
環境,môi trường,environment
メモリ,ký ức,memory
自然,Thiên nhiên,Nature
材料,vật liệu,material
ドキュメント,tài liệu,document
収入,thu nhập,income
アナリスト,Nhà phân tích,Analyst
遊び,chơi,play
ガード,bảo vệ,guard
ホテル,Khách sạn,Hotel
エディタ,Biên tập viên,editor
ミサイル,hỏa tiễn,missile
事故,tai nạn,accident
目的,mục đích,the purpose
ライター,nhà văn,Writer
緊急,khẩn cấp,emergency
成長,sự phát triển,growth
ベッド,giường,bed
福祉,phúc lợi,welfare
アダルト,Người lớn,Adult
信仰,sự tin tưởng,faith
提案,gợi ý,suggestion
モデル,người mẫu,model
軍,quân đội,army
事件,Trường hợp,Case
ボックス,hộp,box
群衆,đám đông,crowd
尊敬,sự tôn trọng,respect
部門,Phòng,Department
アクセス,truy cập,access
日付,ngày,date
チーフ,Trưởng phòng,chief
天気,thời tiết,weather
空港,sân bay,airport
マシン,Máy móc,Machine
窓,cửa sổ,window
議題,chương trình nghị sự,agenda
アドバイス,khuyên bảo,advice
起訴,Truy tố,Prosecution
紛争,Tranh luận,Dispute
秋,mùa thu,autumn
パイロット,phi công,pilot
練習,đào tạo,training
トラック,xe tải,truck
所有者,người sở hữu,owner
増加する,Tăng,To increase
立法,pháp luật,legislation
ツリー,cây,tree
借金,món nợ,debt
敵,kẻ thù,enemy
トラック,xe tải,truck
リード,Chỉ huy,Lead
大会,Hội nghị,Conference
援助,hỗ trợ,assistance
自殺,tự tử,suicide
品質,chất lượng,quality
保守的,thận trọng,conservative
サイズ,kích cỡ,size
アカウント,tài khoản,account
喜び,vui sướng,joy
施設,tổ chức,institution
航空会社,Hàng không,Airlines
重量,cân nặng,weight
アプローチ,tiếp cận,approach
手術,Ca phẫu thuật,Surgery
休日,ngày lễ,holiday
スタート,bắt đầu,start
勝利,chiến thắng,victory
地区,huyện,district
関係,mối quan hệ,relationship
検索,tìm kiếm,search
乗組員,Phi hành đoàn,Crew
パネル,Bảng điều khiển,panel
連合,Liên minh,Coalition
移動,Di cư,Migration
パッケージ,bưu kiện,package
チェック,kiểm tra,check
少数派,thiểu số,minority
ユニット,đơn vị,unit
バッグ,cái túi,bag
驚き,sự ngạc nhiên,surprise
焦点,tập trung,focus
状況,tình huống,situation
プロデューサー,nhà sản xuất,producer
投資,sự đầu tư,investment
ボール,quả bóng,ball
同僚,đồng nghiệp,colleague
リソース,nguồn,resource
判決,Sự phán xét,Judgment
背景,lý lịch,background
組合,liên hiệp,Union
アドレス,Địa chỉ,address
ドライバ,tài xế,driver
ヒーロー,Anh hùng,Hero
医学,Thuốc,Medicine
代表,tiêu biểu,representative
車両,phương tiện giao thông,vehicle
司令官,Chỉ huy,Commander
アーティスト,Nghệ sĩ,Artist
市長,Thị trưởng,Mayor
実行,chấp hành,execution
船,tàu thủy,ship
理論,lý thuyết,theory
スクリーン,màn hình,screen
レッスン,bài học,lesson
居住者,Người dân,Resident
パートナー,cộng sự,partner
バー,quán ba,bar
チケット,vé,ticket
災​​害,Thảm họa,Disaster
パフォーマンス,hiệu suất,performance
サポーター,Người ủng hộ,Supporter
キラー,sát thủ,killer
交渉,đàm phán,negotiation
海,Đại dương,Ocean
風,Gió,Wind
靴,đôi giày,shoes
秘密,bí mật,secret
悲劇,Bi kịch,tragedy
贈り物,quà ,gift
ツアー,Tour du lịch,Tours
マネージャー,giám đốc,manager
バンド,ban nhạc,band
誕生,Sinh,birth
ホスト,chủ nhà,host
ローン,khoản vay,loan
申し立て,Khẳng định,Claim
勝者,người chiến thắng,winner
宗教,tôn giáo,religion
記事,bài báo,article
セッション,phiên họp,session
幸福,niềm hạnh phúc,happiness
範囲,phạm vi,range
契約,hợp đồng,contract
文,Câu,Sentence
対策,đo,measures
副,Hành vi xấu xa,Vice
自信,Sự tự tin,Confidence
地獄,địa ngục,hell
救済,Giải thoát,Rescue
視点,luật xa gần,perspective
利点,lợi thế,advantage
スキャンダル,vụ bê bối,scandal
足,chân,legs
レストラン,nhà hàng,restaurant
夕食,bữa tối,dinner
クライアント,khách hàng,client
失敗,Sự thất bại,Failure
四半期,một phần tư,quarter
要素,yếu tố,element
請求,Khẳng định,Claim
プロパティ,Tài sản,Property
バージョン,phiên bản,version
試み,Sự thử nghiệm,Trial
バス,xe buýt,bus
顧客,khách hàng,client
アピール,bắt mắt,appeal
ポンド,lb,lb
保護,sự bảo vệ,protection
遺伝子,gen,gene
石,cục đá,stone
反対,phản đối,oppose
アパート,Căn hộ,Apartment
フロント,đằng trước,front
女性,đàn bà,woman
囚人,Tù nhân,Prisoner
黒,đen,black
ギャング,băng nhóm,gang
原則,nguyên tắc,principle
同盟国,Đồng minh,Allies
顧問,Cố vấn,Advisor
訪問,thăm nom,visit
鳥,chim,bird
スタンド,đứng,stand
通信,giao tiếp,communication
ボート,thuyền,boat
接続,sự liên quan,connection
キー,Chìa khóa,Key
ストライキ,đánh đập,strike
ペナルティ,hình phạt,penalty
警告,Hãy cẩn thận,caveat
運,May mắn,luck
DNA,DNA,DNA
精神,tinh thần,spirit
ターン,xoay,turn
施設,tổ chức,institution
ティーンエイジャー,thiếu niên,teenager
コミットメント,sự cam kết,commitment
アイテム,mục ,item
手順,thủ tục,procedure
半分,một nửa,half
タンク,xe tăng,tank
電話,điện thoại,phone
サプライ,cung cấp,supply
態度,thái độ,attitude
ブロック,khối,block
債券,Liên kết,Bond
スタイル,phong cách,style
サッカー,bóng đá,soccer
燃料,nhiên liệu,fuel
データ,dữ liệu,data
ガラス,Thủy tinh,Glass
スーツ,bộ đồ,suit
強,sức mạnh,strength
批判,Sự chỉ trích,Criticism
アイス,đá,ice
機器,thiết bị,device
約束,hứa,promise
リターン,trở lại,return
アルバム,Album,album
生産,sản xuất,production
コー​​ナー,Lõi ngô,Cob
結果,kết quả,result
生活,mạng sống,life
けが,Chấn thương,Injury
カバー,che phủ,cover
スポット,điểm,spot
乳房,nhũ hoa,breast
春,mùa xuân,spring
論争,Tranh cãi,Controversy
破壊,sự phá hủy,destruction
側面,bên,side
クラブ,câu lạc bộ,club
航空機,phi cơ,aircraft
事務所,văn phòng,office
政権,sự quản lý,administration
競争,cuộc thi,competition
利益,Lợi nhuận,Profit
知識,kiến thức,knowledge
スポークスマン,Phát ngôn viên,Spokesman
レビュー,ôn tập,review
理解,Sự hiểu biết,Understanding
不況,suy thoái,recession
歌手,ca sĩ,singer
村,làng bản,village
逮捕,Bắt giữ,Arrest
雪,tuyết,snow
ジョーク,câu nói đùa,joke
金,Tiền bạc,Money
接触,liên hệ,contact
需要,yêu cầu,demand
タスク,nhiệm vụ,task
穴,hố,hole
一般的な,tổng quan,general
皮膚,Da,Skin
数,con số,number
対戦相手,Phản đối,Opponent
結論,Phần kết luận,Conclusion
優先,sự ưu tiên,priority
レイプ,hãm hiếp,rape
難民,những người tị nạn,refugees
山,Núi,Mountain
サミット,Hội nghị thượng đỉnh,Summit
ボトム,đáy,bottom
経営,sự quản lý,management
委員会,Ủy ban,Committee
レンジ,phạm vi,range
コー​​ド,COD,Cod
現金,tiền mặt,cash
口,miệng,mouth
存在感,sự hiện diện,presence
シェア,chia sẻ,share
ファッション,thời trang,fashion
形状,hình dạng,shape
椅子,Cái ghế,Chair
指,ngón tay,finger
魚,cá,fish
エディション,Phiên bản,Edition
エッジ,Bờ rìa,Edge
リミット,giới hạn,limit
列車,xe lửa,train
信念,sự tin tưởng,belief
バランス,THĂNG BẰNG,balance
交換,trao đổi,exchange
農場,nông trại,farm
ゾーン,vùng,zone
乗客,hành khách,passenger
うそ,nói dối,lie
義務,Nhiệm vụ,Duty
トラフィック,giao thông,traffic
馬,Ngựa,Horse
伝統,truyền thống,tradition
回復,sự hồi phục,recovery
検査官,Thanh tra,Inspector
難しさ,khó khăn,difficulty
ファイル,Tài liệu,File
誕生日,sinh nhật,birthday
金融,Tài chính,Finance
クラッシュ,tai nạn,crash
影響,Sự va chạm,Impact
レギュレーション,quy định,regulation
解析,Phân tích,analysis
闘争,Đấu tranh,Struggle
熱,nhiệt,heat
ドレス,đầm,dress
リリース,giải phóng,release
冬,mùa đông,winter
ウイルス,vi-rút,virus
テーマ,Chủ đề,theme
概念,ý tưởng,concept
デバイス,thiết bị,device
怒り,sự tức giận,anger
英語,Tiếng Anh,English
フラグ,lá cờ,flag
コンテキスト,bối cảnh,context
ウイング,cánh,wing
戦闘,trận đánh,fight
パターン,mẫu,pattern
エンターテインメント,Sự giải trí,Entertainment
外観,bên ngoài,exterior
節約,Tiết kiệm,Savings
投資家,Nhà đầu tư,Investor
橋,cầu,bridge
決済,giải quyết,settlement
雨,cơn mưa,rain
木材,gỗ,wood
郵便,Bưu kiện,Post
農家,Nông dân,Farmer
ミステリー,Bí ẩn,Mystery
祈り,người cầu nguyện,prayer
ビジョン,tầm nhìn,vision
うつ病,trầm cảm,depression
爆発,Vụ nổ,explosion
被告,bị cáo,defendant
構造,kết cấu,structure
改正,Ôn tập,Revision
暴行,tấn công,assault
思考,Suy nghĩ,Thinking
治療,Sự đối đãi,Treatment
看護師,y tá,nurse
パス,con đường,path
資金調達,Tài chính,Financing
ツール,dụng cụ,tool
タイトル,tiêu đề,title
住宅,Nơi cư trú,Residence
ショップ,cửa hàng,shop
苦情,Lời phàn nàn,Complaint
波,sóng,wave
猫,Con mèo,Cat
マップ,bản đồ,map
雇用者,Nhà tuyển dụng,Employer
証拠,chứng cớ,evidence
感情,Cảm xúc,Emotion
スキル,kỹ năng,skill
信託,lòng tin,trust
トピック,đề tài,topic
性格,Nhân cách,Personality
ホール,hố,hole
キャビネット,tủ,cabinet
骨,Xương,Bone
魂,linh hồn,soul
チキン,thịt gà,chicken
場所,địa điểm,place
適応症,Thích ứng,Adaptation
スピーカー,loa,speaker
賃金,tiền công,wage
時代,Kỷ nguyên,Era
リクエスト,lời yêu cầu,request
ボス,ông chủ,boss
コー​​チ,Kochi,Kochi
不動産,địa ốc,real estate
セクター,Khu vực,Sector
卵,trứng,egg
杭,Đóng cọc,Pile
停止,Dừng lại,Stop
リング,nhẫn,ring
ショック,sốc,shock
貢献,sự đóng góp,contribution
発表,thông báo,announcement
たばこ,Thuốc lá,Cigarette
キッチン,phòng bếp,kitchen
領土,lãnh thổ,territory
コマンド,yêu cầu,command
島,hòn đảo,island
抗議,phản kháng,protest
印象,ấn tượng,impression
故障,sự cố,malfunction
海岸,Bờ biển,Coast
読書,đọc,reading
いろいろ,nhiều,various
収入,thu nhập,income
鐘,chuông,bell
コー​​ヒー,cà phê,coffee
アルコール,rượu bia,alcohol
ランチ,bữa trưa,lunch
期待,Kỳ vọng,Expectation
グレード,cấp,grade
ダイエット,ăn kiêng,diet
セクション,phần,section
耳,tai,ear
スカイ,Bầu trời,Sky
援助,hỗ trợ,assistance
信号,tín hiệu,signal
ストレス,nhấn mạnh,stress
代替案,Đề xuất thay thế,Alternative proposal
研究者,nhà nghiên cứu,researcher
ケーブル,cáp,cable
オープニング,khai mạc,opening
ビーチ,Bãi biển,Beach
ボランティア,tình nguyện viên,volunteer
負担,trọng tải,load
探偵,Thám tử,Detective
おもちゃ,Đồ chơi,toy
ゲイン,nhận được,gain
資産,tài sản,assets
プール,Hồ bơi,Pool
トレンド,xu hướng,trend
調査,cuộc điều tra,investigation
惑星,hành tinh,planet
川,dòng sông,river
アイデンティティ,danh tính,identity
海,Đại dương,Ocean
喜び,vui sướng,joy
遅延,trì hoãn,delay
クリニック,phòng khám,clinic
庭,vườn,garden
先端,Mẹo,Tip
離婚,ly hôn,divorce
太陽,Mặt trời,Sun
行,đường kẻ,line
フレーズ,Cụm từ,Phrase
価値がある,đáng giá,worth it
コレクション,bộ sưu tập,collection
時,Thời gian,Time
表面,bề mặt,surface
ネクタイ,cà vạt,tie
ミュージシャン,Nhạc sĩ,Musician
コンセプト,ý tưởng,concept
緊張,căng thẳng,tension
結果,kết quả,result
承認,Sự chấp thuận,Approval
仲間,đồng nghiệp,fellow
美しさ,sắc đẹp,beauty
死傷者,thương vong,casualties
コピー,sao chép,copy
地雷,Landmine,Landmine
ウォッチ,đồng hồ ,watch
睡眠,ngủ,sleep
平均,trung bình,average
旅行,chuyến đi,trip
詐欺,lừa đảo,scam
カテゴリ,loại,category
エクササイズ,bài tập,exercise
有罪判決,"Lòng tin chắc, sự kết án, phán quyết",Conviction
イニシアチブ,Sáng kiến,Initiative
テクニック,Kỹ thuật,Technique
記録,ghi ,record
視力,Tầm nhìn,Vision
削減,Sự giảm bớt,Reduction
全体,trọn,whole
株式会社,Ltd.,Ltd.
情熱,niềm đam mê,passion
葬儀,Tang lễ,Funeral
若者,Thiếu niên,Youth
楽器,dụng cụ,instrument
距離,khoảng cách,distance
砂漠,sa mạc,desert
記念日,dịp kỉ niệm,anniversary
書き込み,điền vào,write in
侵略,Cuộc xâm lăng,Invasion
妥協,thỏa hiệp,compromise
病気,bệnh,disease
涙,những giọt nước mắt,tears
ゲート,Cổng,Gate
森,gỗ,wood
実験,cuộc thí nghiệm,experiment
ゴルフ,golf,golf
才能,tài năng,talent
ポスト,bưu kiện,post
ギャップ,khoảng cách,gap
司祭,Thầy tu,Priest
小説,cuốn tiểu thuyết,novel
分裂,phân công,division
欲望,sự mong muốn,desire
帽子,Mũ,hat
住宅ローン,Cho vay nhà ở,Housing loan
評判,danh tiếng,reputation
スコア,Điểm,Score
肩,vai,shoulder
相対,liên quan đến,relative
コラム,cột,column
支払い,sự chi trả,payment
トランジション,Chuyển đổi,Transition
賞,phần thưởng,award
能力,khả năng,ability
定義,Sự định nghĩa,Definition
ポケット,túi,pocket
スピード,tốc độ,speed
コンサート,buổi hòa nhạc,concert
気候,khí hậu,climate
手掛かり,manh mối,clue
ビール,Bia ,Beer 
鼻,mũi,nose
グリーン,màu xanh lá,green
庭,vườn,garden
衛星,vệ tinh,satellite
式典,lễ,ceremony
人間,nhân loại,human
発見,phát hiện,discover
乗り,Cưỡi,Riding
ルート,nguồn gốc,root
お茶,trà,tea
運動,cử động,motion
パーセンテージ,Tỷ lệ phần trăm,percentage
組み合わせ,sự kết hợp,combination
説明,giải trình,explanation
スケール,tỉ lệ,scale
チェーン,xích,chain
ツイン,sinh đôi,twin
容量,dung tích,capacity
ディーラー,người buôn bán,dealer
タッチ,chạm,touch
旅,Hành trình,Journey
代理人,Đại lý,Agent
リンク,Liên kết,Link
プラスチック,nhựa,plastic
刺激,Kích thích,Stimulation
キャップ,mũ lưỡi trai,cap
ロール,cuộn,roll
建設,sự thi công,construction
意図,chủ đích,intention
紛争,Tranh luận,Dispute
気分,cảm giác,feeling
デザイン,thiết kế,design
子ども時代,Thời thơ ấu,Childhood
エンジン,động cơ,engine
一生,cả đời,lifetime
悪夢,Cơn ác mộng,nightmare
ダンス,nhảy,dance
食事,bữa ăn,meal
申し出,Lời đề nghị,Offer
義務,Nhiệm vụ,Duty
事前,nâng cao,advance
チャリティー,Tổ chức từ thiện,Charity
観光客,du khách,tourist
工場,thực vật,plant
脂肪,mập,fat
塩,muối,salt
首,cổ ,neck
ベッドルーム,Phòng ngủ,bedroom
エピソード,tập phim,episode
エンジニア,kỹ sư,engineer
罰,hình phạt,punishment
検査,Bài kiểm tra,test
インスタンス,ví dụ,instance
見通し,Quan điểm,Outlook
ショッピング,mua sắm,shopping
煙,Khói,smoke
肉,thịt,meat
ホールド,giữ,hold
退職,sự nghỉ hưu,retirement
インフレ,Lạm phát,Inflation
ドラマ,Kịch,Drama
デスク,bàn làm việc,desk
給与,Lương,Salary
バイブル,Kinh thánh,Bible
助成金,Trợ cấp,Subsidy
デモ,thử nghiệm,demo
対話,Hội thoại,Dialogue
物質,vật liệu,material
コア,cốt lõi,core
条約,Hiệp ước,Treaty
職員,Nhân viên,Staff
サンプル,vật mẫu,sample
戦術,Chiến thuật,tactics
方法,Phương pháp,Method
ノイズ,tiếng ồn,noise
客観,khách quan,objective
花,hoa,flower
カップ,tách,cup
温度,nhiệt độ,temperature
シンボル,biểu tượng,symbol
革命,cuộc cách mạng,revolution
味,nếm,taste
博物館,bảo tàng,museum
プロフィール,hồ sơ,profile
提案,gợi ý,suggestion
ルート,nguồn gốc,root
歯,răng,teeth
コンサルタント,tư vấn,consultant
ドライブ,lái xe,drive
障害,trở ngại,hindrance
砂糖,đường,sugar
上昇,tăng lên,rise
チップ,Chip,Chip
動機,Động lực,Motivation
シャツ,áo sơ mi,shirt
ポート,Hải cảng,port
潜在的な,Tiềm năng,Potential
スケジュール,lịch trình,schedule
議会,Nghị viện,Parliament
コンテスト,Cuộc thi,Contest
雰囲気,bầu không khí,atmosphere
ブランチ,chi nhánh,branch
見積もり,ước lượng,estimate
症状,Triệu chứng,Symptoms
関与,Sự tham gia,Involvement
差別,phân biệt,discrimination
天国,thiên đường,heaven
散歩,đi dạo,stroll
オペレータ,nhà điều hành,operator
推薦,Sự giới thiệu,Recommendation
反乱,Cuộc nổi loạn,Rebellion
ラウンド,tròn,round
メーカー,Tạo ra,Maker
ワイン,rượu ,wine
発言,bình luận,comment
混乱,lú lẫn,confusion
トーン,tấn,tone
抵抗,sức chống cự,resistance
重要性,Tầm quan trọng,Importance
例外,ngoại lệ,exception
プラットフォーム,nền tảng,platform
ナイフ,dao,knife
認知,Sự công nhận,Recognition
料金,giá ,price
マスター,Bậc thầy,Master
サークル,Vòng tròn,Circle
やり方,thái độ,manner
ジェット,Máy bay phản lực,jet
意味,nghĩa,meaning
アセスメント,đánh giá,assessment
プレート,đĩa,plate
費用,trị giá,cost
プロット,kịch bản,plot
教室,lớp học,classroom
ブランド,thương hiệu,brand
絵,hình ảnh,picture
屋根,mái nhà,roof
特権,Đặc quyền,Privilege
ドリンク,Uống,Drink
禁止,Lệnh cấm,Ban
コンテンツ,nội dung,content
化学物質,Chất hóa học,Chemical substance
フランス語,người Pháp,French
検査,Bài kiểm tra,test
インセンティブ,Khích lệ,Incentive
ピアノ,đàn piano,piano
ボトル,Cái chai,Bottle
廃棄物,rác thải,waste
エラー,lỗi,error
ラベル,nhãn,label
クロック,cái đồng hồ,clock
クリーム,kem,cream
良い,Tốt,good
相,giai đoạn,phase
哲学,triết lý,philosophy
行為,hoạt động,action
サイクル,xe đạp,cycle
電気,điện,electricity
司教,Giám mục,Bishop
リーダー,lãnh đạo,leader
妊娠,thai kỳ,pregnancy
リーグ,liên đoàn,league
ペット,Vật nuôi,Pets
財団,Sự thành lập,Foundation
ブーム,bùng nổ,boom
タワー,Tòa tháp,Tower
フィーチャー,Tính năng,Feature
撤退,Rút tiền,Withdrawal
息,hơi thở,breath
亀裂,nứt,crack
メーカー,Tạo ra,Maker
専門家,Chuyên gia,Expert
リファレンス,thẩm quyền giải quyết,reference
物語,câu chuyện,story
提供,Cung cấp,Providing
歴史家,Nhà sử học,Historian
ワイヤー,dây điện,wire
投機,Đầu cơ,Speculation
ペア,đôi,pair
言い訳,thứ lỗi,excuse
チョコレート,sô cô la,chocolate
祝賀会,Lễ ăn mừng,Celebration
チーズ,phô mai,cheese
フォーチュン,Forchun,Forchun
バスルーム,Phòng tắm,Bathroom
機能,chức năng,function
宇宙,Vũ trụ,universe
チャンネル,Kênh,Channel
笑顔,nụ cười,smile
ミルク,sữa,milk
要件,Yêu cầu,Requirements
疑惑,Sự nghi ngờ,Suspicion
世帯,Hộ gia đình,Household
認定,Chứng nhận,Certification
胸,ngực,chest
ルーチン,lịch trình,routine
検討,bài kiểm tra,examination
ライブラリ,Thư viện,Library
害,làm hại,harm
マージン,lề,margin
オブジェクト,sự vật,object
ギター,đàn ghi ta,guitar
ボタン,cái nút,button
沈黙,im lặng,silence
改善,Sự cải tiến,Improvement
ドロップ,làm rơi,drop
任命,Cuộc hẹn,Appointment
ビジネスマン,Doanh nhân,Businessman
流れ,chảy,flow
金属,kim loại,metal
ミラー,gương,mirror
現在,hiện tại,the current
キャリア,Sự nghiệp,Career
表現,Sự biểu lộ,Expression
運命,định mệnh,destiny
クラウド,Đám mây,Cloud
筋肉,cơ bắp,muscle
ベルト,thắt lưng,belt
章,chương,chapter
文字列,Sợi dây,String
取引,giao dịch,transaction
トリック,lừa,trick
ガイド,hướng dẫn,guide
ボリューム,âm lượng,volume
マッチ,Cuộc thi đấu,Match
ファンタジー,Tưởng tượng,Fantasy
膝,đầu gối,knees
化合物,Hợp chất,Compound
胃,cái bụng,stomach
高さ,chiều cao,height
ドラフト,bản nháp,draft
見知らぬ人,Người lạ,Stranger
感染,sự nhiễm trùng,infection
マス,Cá hồi,trout
規律,Kỷ luật,Discipline
フルーツ,trái cây,fruits
訪問者,Khách thăm quan,Visitor
詩,Thơ,Poetry
現象,hiện tượng,phenomenon
フェンス,hàng rào,fence
アプリケーション,ứng dụng,application
レシピ,công thức,recipe
衣類,quần áo,clothing
罪,tội,sin
生存,Sống sót,Survival
チャンピオン,quán quân,champion
ユニフォーム,đồng phục,uniform
印刷,in,printing
ポテト,khoai tây,potato
アレンジメント,sắp xếp,arrangement
月,Tháng,Month
クマ,con gấu,bear
傷,cào,scratch
安定性,Sự ổn định,Stability
プライド,Kiêu hãnh,Pride
制限,giới hạn,limit
合計,tổng cộng,total
バリア,rào chắn,barrier
いとこ,anh em họ,cousin
職業,Nghề nghiệp,Profession
銀,Bạc,Silver
ケーキ,bánh ngọt,cake
肺,phổi,lung
ホイール,bánh xe,wheel
オブザーバー,Người quan sát,observer
チューン,điều chỉnh,tune
説明,giải trình,explanation
設立,Thành lập,Establishment
室,Phòng,Room
ホラー,Kinh dị,Horror
バンキング,Ngân hàng,Banking
林檎,quả táo,apple
含意,Hàm ý,Implication
スチール,Thép,steel
喉,họng,throat
エッセンス,nước hoa,essence
襲撃,RAID,Raid
区別,Sự khác biệt,Distinction
ドイツ語,tiếng Đức,German
リップ,môi,lip
タイミング,thời gian,timing
洞察力,Cái nhìn thấu suốt,Insight
クーデター,đảo chính,coup d'état
シフト,sự thay đổi,shift
警官,Cảnh sát,Police officer
習慣,Thói quen,Habit
シート,Ghế,Seat
違反者,Người vi phạm,Violator
真夜中,nửa đêm,midnight
実行,chấp hành,execution
不安,sự lo lắng,anxiety
企業,Công ty,Company
ストリップ,dải,strip
ポップ,nhạc pop,pop
不思議,thắc mắc,wonder
影,Bóng tối,Shadow
リバティ,Tự do,Liberty
フィクション,viễn tưởng,fiction
介入,sự can thiệp,intervention
創造,Sự sáng tạo,Creation
マーケティング,tiếp thị,marketing
クリスチャン,Kitô giáo,Christian
ポット,nồi,pot
釣り,đánh bắt cá,fishing
朝食,bữa sáng,breakfast
チューブ,ống,tube
決定,Phán quyết,Decision
砂,cát,sand
パーミッション,sự cho phép,permission
ガイドライン,Hướng dẫn,Guideline
恥,nỗi tủi nhục,shame
暴動,Cuộc náo loạn,Riot
ユーザー,người dùng,user
オルガン,đàn organ,organ
リゾート,Khu nghỉ mát,Resort
デザイナー,nhà thiết kế,designer
比較,So sánh,Comparison
雇用,thuê người làm,employment
パン,bánh mỳ,bread
願い,Ước,Wish
恋人,người yêu,lover
ジャケット,Áo khoác,Jacket
パス,con đường,path
法律,pháp luật,law
ペース,nhịp độ,pace
フレーム,Ngọn lửa,flame
混乱,lú lẫn,confusion
保証,bảo đảm,guarantee
コミッショナー,Ủy viên,commissioner
炎,Ngọn lửa,flame
仮定,Giả thiết,Assumption
卒業,Tốt nghiệp,graduation
エントリー,lối vào,entry
病棟,phường,ward
勝利,chiến thắng,victory
オペラ,Opera,Opera
友情,tình bạn,friendship
暴露,phơi bày,exposure
豚,con lợn,pig
メイト,bạn,mate
神経,Thần kinh,Nerve
長さ,chiều dài,length
牛,Bò,Cow
パック,đóng gói,pack
命令,đặt hàng,order
崩壊,Sụp đổ,Collapse
アシスタント,trợ lý,assistant
異議,Sự phản đối,Objection
日記,Nhật ký,diary
学者,Học giả,Scholar
コンフォート,An ủi,Comfort
準備,Sự chuẩn bị,Preparation
県,Tận thức,prefecture
パッセージ,Đoạn văn,Passage
結晶,pha lê,crystal
ギア,bánh răng,gear
ストローク,đột quỵ,stroke
下落,Sự suy sụp,Decline
業績,hiệu suất,performance
存在,Sự tồn tại,Existence
提携,Quan hệ đối tác,Partnership
職業,Nghề nghiệp,Profession
配達,vận chuyển,delivery
出版社,nhà xuất bản,the publisher
同情,sự đồng cảm,sympathy
料理,nấu nướng,cooking
心配,sự lo lắng,anxiety
コンポーネント,thành phần,component
冒険,cuộc phiêu lưu,adventure
作物,sản xuất,produce
打撃,Thổi,Blow
酒,Rượu,Liquor
罪,tội,sin
年金,lương hưu,pension
ガレ​​ージ,Gales,Gales
放射線,sự bức xạ,radiation
ジュース,nước ép,juice
設定,cài đặt,setting
インデックス,mục lục,index
野菜,rau quả,vegetable
パートナーシップ,quan hệ đối tác,partnership
詩,Thơ,Poetry
認識,sự công nhận,recognition
自己,bản thân,self
スタンディング,Đứng,Standing
組織,Tổ chức,Organization
シェル,vỏ bọc,shell
キャプテン,đội trưởng,captain
墓,Phần mộ,Grave
ランク,Thứ hạng,Rank
性別,Tình dục,sex
不足,Thiếu,Shortage
賞,phần thưởng,award
コー​​ト,Trị giá,Cost
シード,hạt giống,seed
ラット,Con chuột,Rat
土壌,đất,soil
海岸,Bờ biển,Coast
敗北,đánh bại,defeat
予告,Để ý,Notice
ブーツ,bốt,boots
チャート,đồ thị,chart
省,Bộ,Ministry
ダイヤモンド,kim cương,diamond
フィニッシュ,hoàn thành,finish
入場,Nhận vào,Admission
暗い,tối tăm,dark
研究室,Phòng thí nghiệm,Lab
プロ,Chuyên nghiệp,Professional
褒賞,phần thưởng,reward
幼児,Trẻ sơ sinh,infant
テキスト,chữ,text
シャワー,vòi sen,shower
線量,liều lượng,dose
パニック,hoảng loạn,panic
ネット,Mạng lưới,Net
店員,nhân viên bán hàng,salesperson
鉱山労働者,Công nhân khai thác,Mining worker
代表団,Phái đoàn,Delegation
想像力,Trí tưởng tượng,Imagination
団結,Đoàn kết,Unity
叔父,Chú,Uncle
成分,thành phần,component
割り当て,phân bổ,allocation
通貨,tiền tệ,currency
バッテリー,ắc quy,battery
トンネル,đường hầm,tunnel
辞任,Sự từ chức,Resignation
バイヤー,Người mua,Buyer
バイク,xe đạp,bike
興奮,sự phấn khích,excitement
マウス,chuột,mouse
アラーム,báo thức,alarm
詩人,nhà thơ,poets
風景,Phong cảnh,Landscape
セレクション,lựa chọn,selection
叫び,Hét lên,Shouting
分離,Tách biệt,Separation
ディスプレイ,trưng bày,display
身体障害,Khuyết tật về thể chất,Physical disability
カウンター,quầy tính tiền,counter
チャンピオンシップ,Chức vô địch,Championship
バター,bơ,butter
肖像画,Chân dung,Portrait
スティック,dán,stick
エンジニアリング,kỹ thuật,engineering
神話,thần thoại,mythology
エッセイ,tiểu luận,essay
冷たい,lạnh lẽo,cold
石炭,than,coal
コントラスト,sự tương phản,contrast
観測,quan sát,observation
テール,Đuôi,Tail
メカニズム,cơ chế,mechanism
スキーム,cơ chế,scheme
プレゼンテーション,bài thuyết trình,presentation
天使,thiên thần,angel
ボーナス,Thưởng,Bonus
所持,Chiếm hữu,Possession
学習,học,study
教育,giáo dục,education
デッキ,boong,deck
生き物,Sinh vật,Creature
ランニング,đang chạy,running
文学,văn học,literature
弱点,Yếu đuối,Weakness
青,Màu xanh da trời,Blue
婚約,hôn ước,engagement
不確実性,Tính không chắc chắn,Uncertainty
お問い合わせ,cuộc điều tra,inquiry
モチベーション,động lực,motivation
ほこり,Bụi,Dust
ピーク,đỉnh cao,peak
本能,bản năng,instinct
針,cây kim,needle
葉,lá cây,leaf
打ち上げ,phóng,launch
笑い,Cười,Laughing
休暇,ngày lễ,holiday
草,cỏ,grass
鉄,sắt,iron
競合他社,Đối thủ cạnh tranh,Competitors
複雑な,Tổ hợp,Complex
豆,Đậu,beans
ポール,Cây sào,Pole
容器,thùng đựng hàng,container
補助金,Trợ cấp,Subsidy
入札,đấu thầu,bid
着陸,đổ bộ,landing
パイプ,đường ống,pipe
解釈,diễn dịch,interpretation
トーナメント,Giải đấu,tournament
ヒップ,Hông,Hip
診断,chẩn đoán,diagnose
ピッチ,sân bóng đá,pitch
ジャーナル,Tạp chí,journal
天井,trần nhà,ceiling
輸出,xuất khẩu,export
認知度,Sự công nhận,Recognition
クロス,đi qua,cross
キス,hôn,kiss
検査,Bài kiểm tra,test
帝国,Đế chế,Empire
交換,trao đổi,exchange
アヒル,con vịt,duck
式,công thức,formula
悪魔,ác quỷ,devil
制限,giới hạn,limit
補償,đền bù,compensation
招待状,Lời mời,Invitation
宣言,tuyên ngôn,declaration
意義,ý nghĩa,significance
最後の,Cuối cùng,Last
プレミアム,phần thưởng,premium
救急車,xe cứu thương,ambulance
カーペット,thảm,carpet
寺,ngôi đền,temple
成分,thành phần,component
譲歩,Nhượng bộ,Concession
同意,Bằng lòng,Consent
前提,Điều kiện tiên quyết,Prerequisite
遺産,di sản,heritage
棚,cái kệ,shelf
ヒント,Gợi ý,Hint
リズム,nhịp,rhythm
負債,Nợ phải trả,liabilities
ヒール,Gót chân,Heel
層,lớp,layer
歪み,méo mó,distortion
カーボン,carbon,carbon
フォーラム,diễn đàn,forum
メリット,công lao,merit
若者,Thiếu niên,Youth
転送,gửi đi,send on
配布,phân bổ,distribution
拡大,sự bành trướng,expansion
深さ,chiều sâu,depth
毛布,cái chăn,blanket
王国,Vương quốc,Kingdom
泥,bùn,mud
到着,đến,arrival
反射,Sự phản xạ,Reflection
封筒,phong bì,envelope
リザーブ,Dự trữ,Reserve
狩猟,săn bắn,hunting
家具,nội thất,furniture
ジェスチャー,cử chỉ,gesture
住宅,Nơi cư trú,Residence
野望,tham vọng ,ambition
ネイル,móng tay,nail
スペクトル,Quang phổ,Spectrum
描画,vẽ,drawing
熱意,sự nhiệt tình,enthusiasm
ペン,cái bút,pen
好み,Sự ưa thích,Preference
不在,vắng mặt,absence
酸素,ôxy,oxygen
分隊,Đội hình,squad
汚染,sự ô nhiễm,pollution
ロック,đá,rock